{
  "img_size": 32,
  "embed_dim": 32,
  "attention_heads": 4,
  "context_window": 4,
  "token_format": "[CLS] color shape position",
  "temperature": 0.07,
  "metrics": {
    "R@1 i2t": 0.9591836333274841,
    "R@1 t2i": 0.9795918464660645,
    "R@3 i2t": 1.0,
    "R@3 t2i": 1.0,
    "R@5 i2t": 1.0,
    "R@5 t2i": 1.0,
    "R@10 i2t": 1.0,
    "R@10 t2i": 1.0
  }
}